[{
  "_id": {
    "$oid": "62ef5db238dac8b758011358"
  },
  "name": "Admin",
  "email": "admin@gmail.com",
  "password": "$2b$10$52/4vai9GTTeK5C7POizJOLlAN7eXUSh04NkmNUial58hSX/qe2Kq",
  "__v": 0
},{
  "_id": {
    "$oid": "62ef80ca4b15cf540b4d875f"
  },
  "name": "admin2",
  "email": "admin2@gmail.com",
  "password": "$2b$10$uW9t2Srhp3fl7S1mJ3sW5.UO0I7if0XSB4HAJOKqSzQMNEDkVewNm",
  "__v": 0
},{
  "_id": {
    "$oid": "62efb1b1ced223b01e852503"
  },
  "name": "admin4",
  "email": "admin4@gmail.com",
  "password": "$2b$10$G0P.8IOnhrtsneXHwSQ5juBdbYDb0Dj74hz05AywcCoD56EH0c/Um",
  "__v": 0
},{
  "_id": {
    "$oid": "62f139ebccd63fab3807f641"
  },
  "name": "admin5",
  "email": "admin5@gmail.com",
  "password": "$2b$10$LtMwHtl9HXPWZ1iTsP5vcumWKzIR0TaZArLKoeiaon9d5NzBegDuW",
  "__v": 0
},{
  "_id": {
    "$oid": "63032572a2b0358d88fd9dd8"
  },
  "name": "admin98",
  "email": "admin98@gmail.com",
  "password": "$2b$10$o7LTBWhqfnHeFmmP9a1pKeiwMJURjRQTcolIa2B0w9NSjwqB7DfuK",
  "__v": 0
}]