[{
  "_id": {
    "$oid": "6302137a3a8c879e606bc93a"
  },
  "user": {
    "$oid": "62ef5d8b38dac8b758011355"
  },
  "orderId": "11355l8ofh2vss",
  "total": 150,
  "date": "Sun Aug 21 2022",
  "__v": 0
},{
  "_id": {
    "$oid": "630213a63a8c879e606bc966"
  },
  "user": {
    "$oid": "62ef5d8b38dac8b758011355"
  },
  "orderId": "11355vamctdht6",
  "total": 40120,
  "date": "Sun Aug 21 2022",
  "__v": 0
},{
  "_id": {
    "$oid": "630214ecc707a4103deb5af2"
  },
  "user": {
    "$oid": "62ef5d8b38dac8b758011355"
  },
  "orderId": "11355kh3mos1pt",
  "total": 274,
  "date": "Aug 21 2022",
  "__v": 0
},{
  "_id": {
    "$oid": "630253fc444f0a32a27efba8"
  },
  "user": {
    "$oid": "62ef9326ec509c4e948b1b79"
  },
  "orderId": "b1b79havox9zn5",
  "total": 488,
  "date": "Aug 21 2022",
  "__v": 0
},{
  "_id": {
    "$oid": "63025420929d5795f3909480"
  },
  "user": {
    "$oid": "62ef9326ec509c4e948b1b79"
  },
  "orderId": "b1b79w4ndoihul",
  "total": 474,
  "date": "Aug 21 2022",
  "__v": 0
},{
  "_id": {
    "$oid": "63025495778b3c82a53ed04a"
  },
  "user": {
    "$oid": "62ef9326ec509c4e948b1b79"
  },
  "orderId": "b1b790ufz6muaf",
  "total": 726,
  "date": "Aug 21 2022",
  "__v": 0
},{
  "_id": {
    "$oid": "630254b23966de7f86bfd798"
  },
  "user": {
    "$oid": "62ef9326ec509c4e948b1b79"
  },
  "orderId": "b1b7907qrczxp5",
  "total": 150,
  "date": "Aug 21 2022",
  "__v": 0
},{
  "_id": {
    "$oid": "6302577e94c1b176b7e23dff"
  },
  "user": {
    "$oid": "62ef9326ec509c4e948b1b79"
  },
  "orderId": "b1b79ged4d0uhi",
  "total": 400,
  "date": "Aug 21 2022",
  "__v": 0
},{
  "_id": {
    "$oid": "630257fe94c1b176b7e23e50"
  },
  "user": {
    "$oid": "62ef9326ec509c4e948b1b79"
  },
  "orderId": "b1b79htc091wad",
  "total": 1163,
  "date": "Aug 21 2022",
  "__v": 0
},{
  "_id": {
    "$oid": "6302589294c1b176b7e241eb"
  },
  "user": {
    "$oid": "6302586f94c1b176b7e241cf"
  },
  "orderId": "241cfwv8q2etqm",
  "total": 4500,
  "date": "Aug 21 2022",
  "__v": 0
},{
  "_id": {
    "$oid": "630260dc08df717255f6be8f"
  },
  "user": {
    "$oid": "6302607a08df717255f6be49"
  },
  "orderId": "6be49ldrma12ps",
  "total": 2065,
  "date": "Aug 21 2022",
  "__v": 0
},{
  "_id": {
    "$oid": "63032524a2b0358d88fd9b9f"
  },
  "user": {
    "$oid": "630324d5a2b0358d88fd9b51"
  },
  "orderId": "d9b512zj67a3d4",
  "total": 3795,
  "date": "Aug 22 2022",
  "__v": 0
},{
  "_id": {
    "$oid": "63045af3b45fdd1d8c45539f"
  },
  "user": {
    "$oid": "62ef5d5538dac8b758011351"
  },
  "orderId": "11351m0hhligmc",
  "total": 600,
  "date": "Aug 23 2022",
  "__v": 0
},{
  "_id": {
    "$oid": "6305338e74a153a7cbfdf978"
  },
  "user": {
    "$oid": "62ef9326ec509c4e948b1b79"
  },
  "orderId": "b1b79e9u11ga2z",
  "total": 729,
  "date": "Aug 24 2022",
  "__v": 0
}]