[{
  "_id": {
    "$oid": "62ef5dd638dac8b75801135c"
  },
  "admin": {
    "$oid": "62ef5db238dac8b758011358"
  },
  "title": "Mango",
  "imageURL": "https://img.freepik.com/premium-photo/ripe-mango-with-green-leaf-isolated-white_252965-183.jpg?w=2000",
  "category": "fruits",
  "quantity": 110,
  "price": 500,
  "__v": 0
},{
  "_id": {
    "$oid": "62ef5dee38dac8b75801135f"
  },
  "admin": {
    "$oid": "62ef5db238dac8b758011358"
  },
  "title": "Apple",
  "imageURL": "https://5.imimg.com/data5/AK/RA/MY-68428614/apple-500x500.jpg",
  "category": "fruits",
  "quantity": 10,
  "price": 100,
  "__v": 0
},{
  "_id": {
    "$oid": "62ef5e2238dac8b758011362"
  },
  "admin": {
    "$oid": "62ef5db238dac8b758011358"
  },
  "title": "Tomato",
  "imageURL": "https://m.media-amazon.com/images/I/71DYmqoq-VL._SL1024_.jpg",
  "category": "Vegetable",
  "quantity": 70,
  "price": 50,
  "__v": 0
},{
  "_id": {
    "$oid": "62ef5e4338dac8b758011365"
  },
  "admin": {
    "$oid": "62ef5db238dac8b758011358"
  },
  "title": "Sunflower",
  "imageURL": "https://www.bigbasket.com/media/uploads/p/l/40238671_2-molsis-sunflower-seeds-dry-salted-roasted-rich-in-vitamins-boosts-immune-system.jpg",
  "category": "seeds",
  "quantity": 10,
  "price": 69,
  "__v": 0
},{
  "_id": {
    "$oid": "62efcea048afa2dd90246a24"
  },
  "admin": {
    "$oid": "62ef80ca4b15cf540b4d875f"
  },
  "title": "Potato",
  "imageURL": "https://5.imimg.com/data5/ANDROID/Default/2021/2/UH/HH/LB/44089979/potatoes-jpg-500x500.jpg",
  "category": "vegetables",
  "quantity": 10,
  "price": 100,
  "__v": 0
},{
  "_id": {
    "$oid": "62efcf7007172089a8e2c7dc"
  },
  "admin": {
    "$oid": "62ef80ca4b15cf540b4d875f"
  },
  "title": "Onion",
  "imageURL": "https://www.jiomart.com/images/product/600x600/590003515/onion-1-kg-product-images-o590003515-p590003515-0-202203170724.jpg",
  "category": "vegetables",
  "quantity": 231,
  "price": 24,
  "__v": 0
},{
  "_id": {
    "$oid": "62efcfdf5d496d0db1be5e81"
  },
  "admin": {
    "$oid": "62ef80ca4b15cf540b4d875f"
  },
  "title": "Raw Mango",
  "imageURL": "https://www.jiomart.com/images/product/600x600/590000191/raw-mango-500-g-product-images-o590000191-p590000191-0-202203151016.jpg",
  "category": "fruits",
  "quantity": 45,
  "price": 150,
  "__v": 0
},{
  "_id": {
    "$oid": "62efd029baded19b13d2eded"
  },
  "admin": {
    "$oid": "62ef80ca4b15cf540b4d875f"
  },
  "title": "Pears Green Imported",
  "imageURL": "https://www.jiomart.com/images/product/600x600/590001270/pears-green-imported-3-pcs-pack-product-images-o590001270-p590040932-0-202203170454.jpg",
  "category": "fruits",
  "quantity": 51,
  "price": 369,
  "__v": 0
},{
  "_id": {
    "$oid": "62efd4cffb128a4f643a2267"
  },
  "admin": {
    "$oid": "62ef80ca4b15cf540b4d875f"
  },
  "title": "Orange",
  "imageURL": "https://www.jiomart.com/images/product/600x600/590000025/orange-imported-1-kg-product-images-o590000025-p590000025-0-202203171007.jpg",
  "category": "fruits",
  "quantity": 78,
  "price": 229,
  "__v": 0
},{
  "_id": {
    "$oid": "62efd5707aebeac28a7d7590"
  },
  "admin": {
    "$oid": "62ef80ca4b15cf540b4d875f"
  },
  "title": "Ginger Indian",
  "imageURL": "https://www.jiomart.com/images/product/600x600/590003531/ginger-indian-200-g-product-images-o590003531-p590003531-0-202203171030.jpg",
  "category": "vegetables",
  "quantity": 52,
  "price": 95,
  "__v": 0
},{
  "_id": {
    "$oid": "62efd6c9617f3daf82e5119f"
  },
  "admin": {
    "$oid": "62ef80ca4b15cf540b4d875f"
  },
  "title": "Pineapple",
  "imageURL": "https://www.jiomart.com/images/product/600x600/590000070/pineapple-queen-1-pc-approx-700-g-1200-g-product-images-o590000070-p590000070-0-202203170357.jpg",
  "category": "fruits",
  "quantity": 123,
  "price": 65,
  "__v": 0
},{
  "_id": {
    "$oid": "62efd778f32a834cb928eac5"
  },
  "admin": {
    "$oid": "62ef80ca4b15cf540b4d875f"
  },
  "title": "Potash",
  "imageURL": "https://www.sgsgroup.in/-/media/global/images/structural-website-images/hero-images/hero-agri-fertilizers.jpg",
  "category": "fertilizers",
  "quantity": 15,
  "price": 1200,
  "__v": 0
},{
  "_id": {
    "$oid": "62efd7b6b332de43104c7e9e"
  },
  "admin": {
    "$oid": "62ef80ca4b15cf540b4d875f"
  },
  "title": "Indian Garlic",
  "imageURL": "https://www.jiomart.com/images/product/600x600/590003532/indian-garlic-200-g-product-images-o590003532-p590003532-0-202203141952.jpg",
  "category": "vegetables",
  "quantity": 16,
  "price": 95,
  "__v": 0
},{
  "_id": {
    "$oid": "62efd9ce9f87d6c40686cb2b"
  },
  "admin": {
    "$oid": "62efb1b1ced223b01e852503"
  },
  "title": "Organic Tomato Seeds",
  "imageURL": "https://cdn.shopify.com/s/files/1/0451/1101/7626/products/62_1024x.png?v=1615875365",
  "category": "seeds",
  "quantity": 10,
  "price": 4000,
  "__v": 0
},{
  "_id": {
    "$oid": "62efda63d443cf6ae6784592"
  },
  "admin": {
    "$oid": "62efb1b1ced223b01e852503"
  },
  "title": "Brinjal Purple",
  "imageURL": "https://www.jiomart.com/images/product/600x600/590004102/brinjal-purple-striped-500-g-product-images-o590004102-p590004102-0-202203150748.jpg",
  "category": "vegetables",
  "quantity": 78,
  "price": 85,
  "__v": 0
},{
  "_id": {
    "$oid": "62efdb305911811ea144ab51"
  },
  "admin": {
    "$oid": "62efb1b1ced223b01e852503"
  },
  "title": "Green Chilli Seeds",
  "imageURL": "https://cdn.shopify.com/s/files/1/0451/1101/7626/products/74_500x.png?v=1617252560",
  "category": "seeds",
  "quantity": 78,
  "price": 800,
  "__v": 0
},{
  "_id": {
    "$oid": "62efdb589301513353e44f21"
  },
  "admin": {
    "$oid": "62efb1b1ced223b01e852503"
  },
  "title": "Bush Beans Seeds",
  "imageURL": "https://cdn.shopify.com/s/files/1/0451/1101/7626/products/37_500x.png?v=1615375876",
  "category": "seeds",
  "quantity": 75,
  "price": 3500,
  "__v": 0
},{
  "_id": {
    "$oid": "62efdba12fcd35f001958a73"
  },
  "admin": {
    "$oid": "62efb1b1ced223b01e852503"
  },
  "title": "Cabbage",
  "imageURL": "https://www.jiomart.com/images/product/600x600/590003538/cabbage-per-pc-approx-600-g-1000-g-product-images-o590003538-p590003538-0-202203170436.jpg",
  "category": "vegetables",
  "quantity": 251,
  "price": 55,
  "__v": 0
},{
  "_id": {
    "$oid": "62efdd6e2a40967bb742d7ce"
  },
  "admin": {
    "$oid": "62efb1b1ced223b01e852503"
  },
  "title": "Potting Soil",
  "imageURL": "https://cdn.shopify.com/s/files/1/0451/1101/7626/products/potting_2_800x.jpg?v=1624619703",
  "category": "fertilizers",
  "quantity": 45,
  "price": 95,
  "__v": 0
},{
  "_id": {
    "$oid": "62eff16e42544c9770a78013"
  },
  "admin": {
    "$oid": "62efb1b1ced223b01e852503"
  },
  "title": "Long Red Okra Seeds",
  "imageURL": "https://cdn.shopify.com/s/files/1/0451/1101/7626/products/72_500x.png?v=1615875668",
  "category": "seeds",
  "quantity": 10,
  "price": 4800,
  "__v": 0
},{
  "_id": {
    "$oid": "62eff20f686169728715440b"
  },
  "admin": {
    "$oid": "62efb1b1ced223b01e852503"
  },
  "title": "Waste Decomposer",
  "imageURL": "https://cdn.shopify.com/s/files/1/0451/1101/7626/products/PhotoRoom_20211231_105030_800x.png?v=1640929757",
  "category": "fertilizers",
  "quantity": 21,
  "price": 2250,
  "__v": 0
},{
  "_id": {
    "$oid": "62eff24d1468d4d6c71d70c0"
  },
  "admin": {
    "$oid": "62efb1b1ced223b01e852503"
  },
  "title": "Panchagavya",
  "imageURL": "https://cdn.shopify.com/s/files/1/0451/1101/7626/products/Panchagavya_800x.png?v=1639071682",
  "category": "fertilizers",
  "quantity": 27,
  "price": 315,
  "__v": 0
},{
  "_id": {
    "$oid": "62f0ef22fa264626391f1638"
  },
  "admin": {
    "$oid": "62ef80ca4b15cf540b4d875f"
  },
  "title": "Sweet Corn",
  "imageURL": "https://www.jiomart.com/images/product/600x600/590001266/sweet-corn-1-pc-approx-250-g-450-g-product-images-o590001266-p590001266-0-202203170359.jpg",
  "category": "vegetables",
  "quantity": 200,
  "price": 20,
  "__v": 0
},{
  "_id": {
    "$oid": "62f0efab4c9271896b936de1"
  },
  "admin": {
    "$oid": "62ef5db238dac8b758011358"
  },
  "title": "Ammonia ",
  "imageURL": "https://www.sgsgroup.in/-/media/global/images/structural-website-images/hero-images/hero-agri-fertilizers.jpg",
  "category": "fertilizers",
  "quantity": 12,
  "price": 250,
  "__v": 0
},{
  "_id": {
    "$oid": "62f131ec7c5ed3e0fc14f7f1"
  },
  "admin": {
    "$oid": "62efb1b1ced223b01e852503"
  },
  "title": "Dragonfruit",
  "imageURL": "https://www.jiomart.com/images/product/600x600/590007689/dragonfruit-per-pc-approx-280-g-450-g-product-images-o590007689-p590007689-0-202203170904.jpg",
  "category": "fruits",
  "quantity": 120,
  "price": 120,
  "__v": 0
},{
  "_id": {
    "$oid": "62f13921ccd63fab3807f62c"
  },
  "admin": {
    "$oid": "62ef5db238dac8b758011358"
  },
  "title": "Potato Indian",
  "imageURL": "https://5.imimg.com/data5/ANDROID/Default/2021/2/UH/HH/LB/44089979/potatoes-jpg-250x250.jpg",
  "category": "vegetables",
  "quantity": 26,
  "price": 120,
  "__v": 0
},{
  "_id": {
    "$oid": "6300a6063a9f0915264f0b30"
  },
  "admin": {
    "$oid": "62ef5db238dac8b758011358"
  },
  "title": "Season's Harvest Saffron",
  "imageURL": "https://cdn.shopify.com/s/files/1/0272/8207/9816/products/Safron_2_540x.jpg?v=1628696595",
  "category": "seeds",
  "quantity": 5,
  "price": 40000,
  "__v": 0
}]