[{
  "_id": {
    "$oid": "62ef5d5538dac8b758011351"
  },
  "name": "Daya",
  "email": "daya@gmail.com",
  "password": "$2b$10$OLoYjVbjkUk4kewV/h5yee5Sej797qzhoSSgBGYkDifN.pTAKCdna",
  "age": 22,
  "address": "395007",
  "gender": "Female",
  "__v": 0
},{
  "_id": {
    "$oid": "62ef5d8b38dac8b758011355"
  },
  "name": "Sagar Bhutwala",
  "email": "sagar@gmail.com",
  "password": "$2b$10$LmCC.GbSck9Dnk5Q/CHlPe4XG/KXeFTWRffes.1DdxNmYNKH7nY66",
  "age": 27,
  "address": "Adajan-395009",
  "gender": "Male",
  "__v": 0
},{
  "_id": {
    "$oid": "62ef9326ec509c4e948b1b79"
  },
  "name": "Mehul ",
  "email": "mehul@gmail.com",
  "password": "$2b$10$yK1FeeO/Upqzmo6VcGPpH.FTmkzOOG3kW1z0cC3Ere28HqHSeq2CO",
  "age": 29,
  "address": "Navsari-397005",
  "gender": "Male",
  "__v": 0
}]