[{
  "_id": {
    "$oid": "62f138e8ccd63fab3807f613"
  },
  "user": {
    "$oid": "62f138c8ccd63fab3807f600"
  },
  "title": "Onion",
  "price": "24",
  "__v": 0
},{
  "_id": {
    "$oid": "62f138e9ccd63fab3807f616"
  },
  "user": {
    "$oid": "62f138c8ccd63fab3807f600"
  },
  "title": "Raw Mango",
  "price": "150",
  "__v": 0
},{
  "_id": {
    "$oid": "62f138eaccd63fab3807f619"
  },
  "user": {
    "$oid": "62f138c8ccd63fab3807f600"
  },
  "title": "Pineapple",
  "price": "65",
  "__v": 0
},{
  "_id": {
    "$oid": "62f138f0ccd63fab3807f621"
  },
  "user": {
    "$oid": "62f138c8ccd63fab3807f600"
  },
  "title": "Long Red Okra Seeds",
  "price": "4800",
  "__v": 0
},{
  "_id": {
    "$oid": "62f4ebb049513e2c5dbf3fd7"
  },
  "user": {
    "$oid": "62f4e94eabfec93e5a2b7f08"
  },
  "title": "Apple",
  "price": "100",
  "__v": 0
},{
  "_id": {
    "$oid": "62f4ebb149513e2c5dbf3fdd"
  },
  "user": {
    "$oid": "62f4e94eabfec93e5a2b7f08"
  },
  "title": "Sunflower",
  "price": "69",
  "__v": 0
},{
  "_id": {
    "$oid": "62f52fd2dbe2724ec439cd0c"
  },
  "user": {
    "$oid": "62ef5d5538dac8b758011351"
  },
  "title": "Sweet Corn",
  "price": "20",
  "__v": 0
},{
  "_id": {
    "$oid": "62ff936d636fd6dd3f7f4c6c"
  },
  "user": {
    "$oid": "62ef5d8b38dac8b758011355"
  },
  "title": "Apple",
  "price": "100",
  "__v": 0
},{
  "_id": {
    "$oid": "630257e994c1b176b7e23e3d"
  },
  "user": {
    "$oid": "62ef9326ec509c4e948b1b79"
  },
  "title": "Raw Mango",
  "price": "150",
  "__v": 0
},{
  "_id": {
    "$oid": "6305338774a153a7cbfdf96c"
  },
  "user": {
    "$oid": "62ef9326ec509c4e948b1b79"
  },
  "title": "Tomato",
  "price": "50",
  "__v": 0
}]